{
  "metrics": {
    "accuracy": 0.9601029601029601,
    "precision_macro": 0.9391630008322435,
    "recall_macro": 0.9212819343065692,
    "f1_macro": 0.9299040534995591,
    "precision_weighted": 0.9595359205869252,
    "recall_weighted": 0.9601029601029601,
    "f1_weighted": 0.9596884653064429,
    "roc_auc": 0.964484489051095,
    "pr_auc": 0.9910122948957556
  },
  "confusion_matrix": [
    [
      118,
      19
    ],
    [
      12,
      628
    ]
  ],
  "classification_report": {
    "0": {
      "precision": 0.9076923076923077,
      "recall": 0.8613138686131386,
      "f1-score": 0.8838951310861424,
      "support": 137.0
    },
    "1": {
      "precision": 0.9706336939721792,
      "recall": 0.98125,
      "f1-score": 0.9759129759129759,
      "support": 640.0
    },
    "accuracy": 0.9601029601029601,
    "macro avg": {
      "precision": 0.9391630008322435,
      "recall": 0.9212819343065692,
      "f1-score": 0.9299040534995591,
      "support": 777.0
    },
    "weighted avg": {
      "precision": 0.9595359205869252,
      "recall": 0.9601029601029601,
      "f1-score": 0.9596884653064429,
      "support": 777.0
    }
  },
  "n_samples": 777,
  "n_features": 10,
  "features": [
    "encoded_Supplier",
    "encoded_Item_Category",
    "encoded_Order_Status",
    "Oder_Day",
    "Oder_Month",
    "Oder_Year",
    "Quantity",
    "Unit_Price",
    "Negotiated_Price",
    "Defective_Units"
  ]
}