{
  "metrics": {
    "accuracy": 0.8076923076923077,
    "precision_macro": 0.6551470588235294,
    "recall_macro": 0.6177455357142857,
    "f1_macro": 0.6306818181818181,
    "precision_weighted": 0.7866515837104072,
    "recall_weighted": 0.8076923076923077,
    "f1_weighted": 0.7945804195804196,
    "roc_auc": 0.7282366071428571,
    "pr_auc": 0.9305061127437217
  },
  "confusion_matrix": [
    [
      9,
      19
    ],
    [
      11,
      117
    ]
  ],
  "classification_report": {
    "0": {
      "precision": 0.45,
      "recall": 0.32142857142857145,
      "f1-score": 0.375,
      "support": 28.0
    },
    "1": {
      "precision": 0.8602941176470589,
      "recall": 0.9140625,
      "f1-score": 0.8863636363636364,
      "support": 128.0
    },
    "accuracy": 0.8076923076923077,
    "macro avg": {
      "precision": 0.6551470588235294,
      "recall": 0.6177455357142857,
      "f1-score": 0.6306818181818181,
      "support": 156.0
    },
    "weighted avg": {
      "precision": 0.7866515837104072,
      "recall": 0.8076923076923077,
      "f1-score": 0.7945804195804196,
      "support": 156.0
    }
  },
  "n_train": 621,
  "n_test": 156,
  "n_features": 10,
  "features": [
    "encoded_Supplier",
    "encoded_Item_Category",
    "encoded_Order_Status",
    "Oder_Day",
    "Oder_Month",
    "Oder_Year",
    "Quantity",
    "Unit_Price",
    "Negotiated_Price",
    "Defective_Units"
  ]
}